NOP;SOW Num;INAP No;WO Ticket No;Site;Site Name;Ticket Status;DateOccured;SLA;Cluster;Cleared Time;Duration;Remarks;Severity;Fault Level;Ticket Type;MTTR (Hours);Is Checkin;Rootcause Category;Rootcause 1;Rootcause 2;PIC Name
NOP DEMO SELATAN;1;EM-20260901-00000001;WO-0001;SIT001;TOWER UTARA 1;CLOSED;01-09-2026 07:15:00;IN SLA;TO DEMO UTARA;01-09-2026 07:55:00;40m 0s;Take Over;Major;Enva Site;Event;0.67;Yes;Power;PLN Off;PLN OFF berulang;PIC A
NOP DEMO SELATAN;1;EM-20260901-00000002;WO-0002;SIT002;TOWER UTARA 2;CLOSED;01-09-2026 08:30:00;IN SLA;TO DEMO UTARA;01-09-2026 10:00:00;1h 30m 0s;Auto Clear;Minor;Enva Site;Event;1.5;No;Radio;BTS;Modul Rusak;PIC B
NOP DEMO SELATAN;1;EM-20260901-00000003;WO-0003;SIT003;TOWER SELATAN 1;CLOSED;01-09-2026 11:45:00;OUT SLA;TO DEMO SELATAN;01-09-2026 16:45:00;5h 0m 0s;Take Over;Critical;Enva Site Simpul;Incident;5;No;Transmisi;FO Telkom Putus;Aktivitas Pihak ke-3;PIC C
NOP DEMO SELATAN;1;EM-20260902-00000004;WO-0004;SIT004;TOWER SELATAN 2;RESOLVED;02-09-2026 09:10:00;IN SLA;TO DEMO SELATAN;02-09-2026 10:10:00;1h 0m 0s;Take Over;Major;Enva Site GSB;Event;1;Yes;Aktivitas;Aktivitas Telkomsel;Tidak ada CRQ;PIC A
NOP DEMO SELATAN;1;EM-20260902-00000005;WO-0005;SIT005;TOWER BARAT 1;CLOSED;02-09-2026 13:20:00;IN SLA;TO DEMO BARAT;02-09-2026 13:50:00;30m 0s;Auto Clear;Low;Enva Site;Event;0.5;No;Power;Rectifier;Rectifier modul rusak;PIC D
NOP DEMO UTARA;2.1;EM-20260902-00000006;WO-0006;SIT006;TOWER BARAT 2;CLOSED;02-09-2026 15:05:00;IN SLA;TO DEMO BARAT;02-09-2026 16:35:00;1h 30m 0s;Take Over;Minor;Enva Site GSB;Event;1.5;Yes;Power;Baterai;Baterai soak;PIC B
NOP DEMO UTARA;2.1;EM-20260903-00000007;WO-0007;SIT007;TOWER TIMUR 1;ASSIGNED;03-09-2026 06:45:00;IN SLA;TO DEMO TIMUR;;;Auto Clear;Major;Enva Site Simpul;Event;2.1;No;Radio;BSC;Konfigurasi Tidak Sesuai;PIC C
NOP DEMO UTARA;2.1;EM-20260903-00000008;WO-0008;SIT008;TOWER TIMUR 2;CLOSED;03-09-2026 12:30:00;OUT SLA;TO DEMO TIMUR;03-09-2026 18:30:00;6h 0m 0s;Take Over;Critical;Enva Site VIP;Incident;6;No;Power;Sewa Daya;Sewa daya habis;PIC D
NOP DEMO UTARA;2.1;EM-20260904-00000009;WO-0009;SIT009;TOWER PUSAT 1;CLOSED;04-09-2026 08:05:00;IN SLA;TO DEMO PUSAT;04-09-2026 08:35:00;30m 0s;Auto Clear;Very Low;Enva Site;Event;0.5;No;;;;PIC A
NOP DEMO UTARA;2.1;EM-20260904-00000010;WO-0010;SIT010;TOWER PUSAT 2;CLOSED;04-09-2026 14:15:00;IN SLA;TO DEMO PUSAT;04-09-2026 15:45:00;1h 30m 0s;Take Over;Major;Enva Site;Event;1.5;Yes;Power;PLN Off;PLN Off lebih dari 3 jam;PIC B
NOP DEMO PANTAI;2.3;EM-20260905-00000011;WO-0011;SIT011;TOWER PANTAI 1;CLOSED;05-09-2026 07:40:00;IN SLA;TO DEMO PANTAI;05-09-2026 08:10:00;30m 0s;Auto Clear;Low;Enva Site GSB;Event;0.5;No;Radio;OFDM Telkomsel Rusak;Modul rusak;PIC C
NOP DEMO PANTAI;2.3;EM-20260905-00000012;WO-0012;SIT012;TOWER PANTAI 2;IN PROGRESS;05-09-2026 10:25:00;IN SLA;TO DEMO PANTAI;;;;Take Over;Major;Enva Site;Event;0.8;Yes;Lain - lain;Lain-lain;Menunggu sparepart;PIC D
NOP DEMO PANTAI;2.3;EM-20260906-00000013;WO-0013;SIT013;TOWER PANTAI 3;CLOSED;06-09-2026 09:50:00;IN SLA;TO DEMO PANTAI;06-09-2026 11:20:00;1h 30m 0s;Take Over;Minor;Enva Site Simpul;Event;1.5;Yes;Power;Baterai;Baterai lemah;PIC A
NOP DEMO PANTAI;2.3;EM-20260906-00000014;WO-0014;SIT014;TOWER PANTAI 4;CLOSED;06-09-2026 16:35:00;OUT SLA;TO DEMO PANTAI;06-09-2026 20:05:00;3h 30m 0s;Take Over;Major;Enva Site VIP;Incident;3.5;No;Transmisi;BSC;Kabel putus;PIC B
NOP DEMO PEGUNUNGAN;3;EM-20260907-00000015;WO-0015;SIT015;TOWER PEGUNUNGAN 1;CLOSED;07-09-2026 07:05:00;IN SLA;TO DEMO PEGUNUNGAN;07-09-2026 07:35:00;30m 0s;Auto Clear;Very Low;Enva Site;Event;0.5;No;Power;PLN Off;Sesekali padam;PIC C
NOP DEMO PEGUNUNGAN;3;EM-20260907-00000016;WO-0016;SIT016;TOWER PEGUNUNGAN 2;RESOLVED;07-09-2026 12:10:00;IN SLA;TO DEMO PEGUNUNGAN;07-09-2026 13:10:00;1h 0m 0s;Take Over;Minor;Enva Site GSB;Event;1;Yes;Aktivitas;Aktivitas Telkomsel;Upgrade perangkat;PIC D
NOP DEMO PEGUNUNGAN;3;EM-20260908-00000017;WO-0017;SIT017;TOWER PEGUNUNGAN 3;CLOSED;08-09-2026 08:55:00;IN SLA;TO DEMO PEGUNUNGAN;08-09-2026 10:25:00;1h 30m 0s;Auto Clear;Major;Enva Site;Event;1.5;No;Radio;BTS;Konfigurasi;PIC A
NOP DEMO PEGUNUNGAN;3;EM-20260908-00000018;WO-0018;SIT018;TOWER PEGUNUNGAN 4;SUBMITTED;08-09-2026 15:30:00;IN SLA;TO DEMO PEGUNUNGAN;;;;Take Over;Major;Enva Site;Event;0.3;Yes;Power;Rectifier;Modul pengganti;PIC B
NOP DEMO SELATAN;1;EM-20260909-00000019;WO-0019;SIT019;TOWER UTARA 3;CLOSED;09-09-2026 07:20:00;IN SLA;TO DEMO UTARA;09-09-2026 08:05:00;45m 0s;Take Over;Critical;Enva Site Simpul;Incident;0.75;No;Power;Sewa Daya;Perubahan daya;PIC C
NOP DEMO SELATAN;1;EM-20260909-00000020;WO-0020;SIT020;TOWER UTARA 4;CLOSED;09-09-2026 10:45:00;IN SLA;TO DEMO UTARA;09-09-2026 11:45:00;1h 0m 0s;Auto Clear;Low;Enva Site;Event;1;No;;;;PIC D
NOP DEMO SELATAN;1;EM-20260910-00000021;WO-0021;SIT021;TOWER SELATAN 3;CLOSED;10-09-2026 09:15:00;OUT SLA;TO DEMO SELATAN;10-09-2026 12:45:00;3h 30m 0s;Take Over;Major;Enva Site GSB;Incident;3.5;Yes;Transmisi;FO Telkom Putus;Aktivitas pihak ke-3;PIC A
NOP DEMO SELATAN;1;EM-20260910-00000022;WO-0022;SIT022;TOWER SELATAN 4;CLOSED;10-09-2026 14:00:00;IN SLA;TO DEMO SELATAN;10-09-2026 15:00:00;1h 0m 0s;Auto Clear;Minor;Enva Site;Event;1;No;Power;Baterai;Baterai diganti;PIC B
NOP DEMO UTARA;2.1;EM-20260911-00000023;WO-0023;SIT023;TOWER BARAT 3;CLOSED;11-09-2026 08:35:00;IN SLA;TO DEMO BARAT;11-09-2026 09:05:00;30m 0s;Auto Clear;Very Low;Enva Site;Event;0.5;No;Lain - lain;Lain-lain;Pemeliharaan rutin;PIC C
NOP DEMO UTARA;2.1;EM-20260911-00000024;WO-0024;SIT024;TOWER BARAT 4;ESCALATED TO INSERA;11-09-2026 17:10:00;OUT SLA;TO DEMO BARAT;;;;Take Over;Critical;Enva Site VIP;Incident;12;No;Radio;BSC;Escalated vendor;PIC D
NOP DEMO PANTAI;2.3;EM-20260912-00000025;WO-0025;SIT025;TOWER PANTAI 5;CLOSED;12-09-2026 07:55:00;IN SLA;TO DEMO PANTAI;12-09-2026 08:55:00;1h 0m 0s;Take Over;Major;Enva Site;Event;1;Yes;Power;PLN Off;PLN OFF berulang;PIC A
NOP DEMO PANTAI;2.3;EM-20260912-00000026;WO-0026;SIT026;TOWER PANTAI 6;CLOSED;12-09-2026 13:40:00;IN SLA;TO DEMO PANTAI;12-09-2026 14:10:00;30m 0s;Auto Clear;Low;Enva Site GSB;Event;0.5;No;Radio;BTS;Modul rusak;PIC B
NOP DEMO PEGUNUNGAN;3;EM-20260913-00000027;WO-0027;SIT027;TOWER PEGUNUNGAN 5;CLOSED;13-09-2026 09:30:00;IN SLA;TO DEMO PEGUNUNGAN;13-09-2026 11:00:00;1h 30m 0s;Take Over;Minor;Enva Site;Event;1.5;Yes;Power;Baterai;Baterai soak;PIC C
NOP DEMO PEGUNUNGAN;3;EM-20260913-00000028;WO-0028;SIT028;TOWER PEGUNUNGAN 6;CLOSED;13-09-2026 16:20:00;OUT SLA;TO DEMO PEGUNUNGAN;13-09-2026 19:50:00;3h 30m 0s;Auto Clear;Major;Enva Site Simpul;Incident;3.5;No;Transmisi;FO Telkom Putus;Gangguan serat optik;PIC D
NOP DEMO SELATAN;1;EM-20260914-00000029;WO-0029;SIT029;TOWER UTARA 5;CLOSED;14-09-2026 08:25:00;IN SLA;TO DEMO UTARA;14-09-2026 08:55:00;30m 0s;Auto Clear;Low;Enva Site;Event;0.5;No;;;;PIC A
NOP DEMO SELATAN;1;EM-20260914-00000030;WO-0030;SIT030;TOWER UTARA 6;CLOSED;14-09-2026 11:50:00;IN SLA;TO DEMO UTARA;14-09-2026 13:20:00;1h 30m 0s;Take Over;Major;Enva Site;Event;1.5;Yes;Aktivitas;Aktivitas Telkomsel;CRQ terlambat;PIC B
